portal,n_total,pos_total,%fraude,n_train,pos_train,n_dev,pos_dev,n_test,pos_test
ndmais.com.br,45446,410,0.9,28985,270,7351,59,9110,81
www.nsctotal.com.br,10604,47,0.44,6877,29,1619,8,2108,10
www.bbc.com,395,13,3.29,263,9,68,2,64,2
iclnoticias.com.br,261,261,100.0,160,160,48,48,53,53
www.gazetadopovo.com.br,163,9,5.52,108,6,21,0,34,3
www.cartacapital.com.br,148,10,6.76,90,5,19,2,39,3
jornalconexao.com.br,76,40,52.63,50,25,11,7,15,8
g1.globo.com,62,62,100.0,40,40,12,12,10,10
www1.folha.uol.com.br,47,3,6.38,36,3,4,0,7,0
agenciabrasil.ebc.com.br,14,1,7.14,10,1,2,0,2,0
olharsc.com.br,9,0,0.0,5,0,2,0,2,0
f5.folha.uol.com.br,8,1,12.5,6,1,1,0,1,0
agoralaguna.com.br,7,7,100.0,4,4,2,2,1,1
www.mpsc.mp.br,5,5,100.0,4,4,0,0,1,1
guia.folha.uol.com.br,3,0,0.0,3,0,0,0,0,0
pc.sc.gov.br,2,2,100.0,0,0,0,0,2,2
assinaturas.gazetadopovo.com.br,2,0,0.0,2,0,0,0,0,0
especiais.gazetadopovo.com.br,2,1,50.0,1,1,0,0,1,0
intranet.mpsc.mp.br,1,1,100.0,1,1,0,0,0,0
bsky.app,1,0,0.0,1,0,0,0,0,0
conta.gazetadopovo.com.br,1,0,0.0,1,0,0,0,0,0
lerunica.com.br,1,1,100.0,1,1,0,0,0,0
www.assinecarta.com.br,1,0,0.0,0,0,0,0,1,0
portal.mpsc.mp.br,1,1,100.0,0,0,0,0,1,1
omunicipioblumenau.com.br,1,1,100.0,0,0,1,1,0,0
omunicipio.com.br,1,1,100.0,0,0,0,0,1,1
temas.folha.uol.com.br,1,0,0.0,0,0,1,0,0,0
www.cnnbrasil.com.br,1,1,100.0,1,1,0,0,0,0
www.tcesc.tc.br,1,1,100.0,1,1,0,0,0,0
