split,chars,label,portal,url,processed_text
train,146,0,agenciabrasil.ebc.com.br,https://agenciabrasil.ebc.com.br/ultimas,"Últimas Em 2025, o país tinha quase 1,4 milhões de pessoas que estavam há pelo menos 24 meses tentando uma ocupação, diz Pnad Contínua Trimestral."
train,160,1,ndmais.com.br,https://ndmais.com.br/seguranca/ex-funcionario-de-cooperativa-de-credito-da-cidade-de-rodeio-e-indiciado-pelo-desvio-de-r-60-mil/,Ex-funcionário de cooperativa de crédito da cidade de Rodeio é indiciado pelo desvio de R$ 60 mil Acompanhe os detalhes desse caso com o repórter Stêvão Limana.
train,177,0,agenciabrasil.ebc.com.br,https://agenciabrasil.ebc.com.br/direitos-humanos,"Direitos Humanos Requerimento detalhado apresentado em 2013 pelo MPF, em conjunto com a Comissão Estadual da Verdade do Rio de Janeiro, comprova a relevância histórica do local."
train,180,0,agenciabrasil.ebc.com.br,https://agenciabrasil.ebc.com.br/internacional,Internacional Analistas entendem que a disputa comercial e tecnológica entre Washington e Pequim pode ser aproveitada pelo Brasil para melhorar a posição do país no cenário global.
train,187,1,ndmais.com.br,https://ndmais.com.br/saude/golpista-estipula-precos-em-consultas-realizadas-pelo-sus/,"Golpista cobra por consultas realizadas pelo SUS em Balneário Camboriú Acompanhe os detalhes do golpe que estava sendo praticado envolvendo o Hospital Ruth Cardoso, em Balneário Camboriú."
train,200,1,ndmais.com.br,https://ndmais.com.br/seguranca/concordia-estelionatarios-aplicam-golpes-em-familiares-de-pacientes-internados/,Concórdia: Estelionatários aplicam golpes em familiares de pacientes internados Estelionatários estão usando o nome do Hospital São Francisco para aplicar golpes em familiares de pacientes internados.
train,208,1,ndmais.com.br,https://ndmais.com.br/seguranca/criminosos-utilizam-nome-da-celesc-para-aplicar-golpes-em-criciuma-e-regiao/,Criminosos utilizam nome da Celesc para aplicar golpes em Criciúma e região Nem mesmo a Celesc tem escapado dos golpes. Criminosos têm utilizado o nome da companhia para enganar as pessoas aqui na região Sul.
train,211,1,ndmais.com.br,https://ndmais.com.br/justica/criciuma-construcoes-socio-e-condenado-por-venda-irregular-de-imoveis/,Criciúma Construções: Sócio é condenado por venda irregular de imóveis O sócio proprietário da empresa foi condenado a nove anos e 20 dias de reclusão por crimes contra a economia popular e ocultação de valores.
dev,300,1,ndmais.com.br,https://ndmais.com.br/noticias/empresa-e-investigada-por-suspeita-de-fraude-em-licitacoes-de-softwares-na-gestao-do-governo-moises/,"Empresa é investigada por suspeita de fraude em licitações de softwares na gestão do Governo Moisés A Polícia Civil foi às ruas em uma operação desencadeada após uma denúncia feita pelo Grupo ND em relação a contratação de um software para o Porto de São Francisco do Sul, no norte de Santa Catarina."
dev,322,0,ndmais.com.br,https://ndmais.com.br/animais/pets/adestramento-de-caes-educar-na-base-do-amor-e-nao-da-dor/,"Adestramento de cães: educar na base do amor e não da dor Muita gente, quando adota um cão ou até compra, acha que o simples fato do animal estar em casa já é o suficiente e que ele vai aprender sozinho a fazer suas necessidades ou a conviver nesse novo ambiente, mas quem já passou pela situação sabe que não é bem assim."
dev,323,0,ndmais.com.br,https://ndmais.com.br/infraestrutura/bolsa-de-apostas-em-alta-em-floripa-com-tantas-obras-importantes/,"Bolsa de apostas em alta em Floripa com tantas obras importantes A turma lá de Paulo Lopes quer saber o que vai ficar pronto primeiro: O túnel da Lagoa, ideia do Beaco Vieira nos anos 70, , contorno viário, A Marina da Beira-mar norte ou o metrô de superfície na ponte Hercílio Luz? Eu aposto na pista de Skate da Trindade."
dev,330,0,ndmais.com.br,https://ndmais.com.br/economia/coisa-de-louco-floripa-mais-cara-do-que-turim/,"Coisa de louco: Floripa mais cara do que Turim Dando um rolê em Turim, casal amigo relata que o custo de vida na histórica cidade de um milhão de habitantes, e a segunda mais importante da Itália, acreditem, ainda é menor que em Florianópolis. Os preços dos alimentos, transporte, roupas e até os aluguéis são mais baixos. É mole?"
dev,331,1,ndmais.com.br,https://ndmais.com.br/video/justica-apura-fraude-medica-em-hospital-de-balneario-camboriu/,Justiça apura fraude médica em hospital de Balneário Camboriú Uma servidora do Hospital Ruth Cardoso é suspeita de emitir atestados médicos sem validade legal. A Polícia Civil cumpriu mandados judiciais e investiga se há mais envolvidos. O caso pode expor falhas no controle do serviço público. Juliana Senne traz todo os detalhes.
dev,331,0,ndmais.com.br,https://ndmais.com.br/diversao/dia-dos-pais-o-amor-paterno-vai-muito-alem-da-ligacao-de-sangue/,"Dia dos Pais: o amor paterno que vai muito além da ligação de sangue Nesta quinta-feira (5) a série sobre o Dia dos Pais no Ver Mais você pôde conhecer a história de um homem que foi pai antes de ser marido. E se você está pensando que ele foi um pai solteiro, errou! Ficou curioso? Então, vem acompanhar essa história com a gente!"
dev,337,0,ndmais.com.br,https://ndmais.com.br/futebol/criciuma-perde-para-o-fluminense-na-copa-do-brasil-sub-17/,"Criciúma perde para o Fluminense na Copa do Brasil Sub-17 A equipe Sub-17 do Criciúma lutou muito, mas não conseguiu um bom resultado na partida de ida das oitavas de final da Copa do Brasil da categoria. O Tigre recebeu o Fluminense na tarde desta terça-feira (31) no estádio Heriberto Hülse e acabou derrotado pelos cariocas por 2 a 1."
dev,338,0,ndmais.com.br,https://ndmais.com.br/politica/eleicoes-2020-cobra-aparece-em-local-de-votacao/,"Eleições 2020: cobra aparece em local de votação A votação na seção 152, na Emeb Prof Nery Barbosa Giachini, em Xanxerê, no Oeste de Santa Catarina, foi suspensa por alguns minutos. O Corpo de Bombeiros foi chamado por um dos mesários para retirar uma cobra no local de votação. Veja mais informações no SC no Ar desta segunda-feira (16)."
test,71,0,agenciabrasil.ebc.com.br,https://agenciabrasil.ebc.com.br/meio-ambiente,"Meio Ambiente Em florestas maduras, o percentual chegou a 40% de queda."
test,246,1,ndmais.com.br,https://ndmais.com.br/seguranca/dono-de-revendedora-de-veiculos-de-biguacu-e-preso-apos-aplicar-golpe-em-pelo-menos-78-pessoas/,Dono de revendedora de veículos de Biguaçu é preso após aplicar golpe em pelo menos 78 pessoas O dono de uma revenda de automóveis de Biguaçu foi preso após aplicar golpes em clientes em Santa Catarina e também em pessoas de outros cinco estados.
test,309,0,ndmais.com.br,https://ndmais.com.br/gastronomia/bate-papo-com-a-vencedora-do-chef-ver-mais/,"Bate-papo com a vencedora do Chef Ver Mais Recebemos no estúdio a Isa. Ela foi a grande vencedora do Chef Ver Mais do ano passado e acabou de voltar do curso na Le Cordon Bleu, que ela ganhou como prêmio que é o instituto de gastronomia mais renomado do mundo. Ela vai contar um pouco da experiência que teve."
test,315,0,ndmais.com.br,https://ndmais.com.br/diversao/chocolate-mitos-verdades-e-beneficios-parte-1/,"Chocolate: mitos, verdades e benefícios – Parte 1 Domingo é Páscoa e nessa época tá liberado para gente esquecer a dieta, deixar de lado as calorias e se deliciar com o chocolate, que vem em formato de ovos, bombons, barras e tudo o mais. Com isso, vem um monte de duvidas e questões sobre o consumo dos chocolates."
test,315,0,ndmais.com.br,https://ndmais.com.br/diversao/chocolate-mitos-verdades-e-beneficios-parte-2/,"Chocolate: mitos, verdades e benefícios – Parte 2 Domingo é Páscoa e nessa época tá liberado para gente esquecer a dieta, deixar de lado as calorias e se deliciar com o chocolate, que vem em formato de ovos, bombons, barras e tudo o mais. Com isso, vem um monte de duvidas e questões sobre o consumo dos chocolates."
test,316,0,ndmais.com.br,https://ndmais.com.br/saude/aumento-de-peso-na-menopausa-da-para-evitar/,Aumento de peso na menopausa: dá para evitar? A gente vai falar agora sobre dois momentos da vida feminina que fazem sim com que a gente ganhe peso: o parto e a menopausa. Muitas mulheres relatam que não se reconhecem depois que passam por essas situações e que ganham alguns quilos e que eles nunca mais vão embora.
test,321,0,ndmais.com.br,https://ndmais.com.br/gastronomia/confira-o-passo-a-passo-pra-fazer-um-carreteiro-de-charque/,"Confira o passo a passo pra fazer um carreteiro de charque O carreteiro é um prato tradicional do Sul do país e tem várias versões. Cada um faz do seu jeito, mas o que não pode faltar é muito tempero. O Ver Mais foi conhecer uma receita especial com o chef Maicon Trindade, que ensina a preparar um carreteiro de charque."
test,327,0,ndmais.com.br,https://ndmais.com.br/saude/estado-de-saude-do-ex-jogador-branco-piora/,"Estado de saúde do ex-jogador Branco piora Lateral do tetra com a seleção brasileira em 1994, Branco foi intubado após ser internado com covid-19 em um hospital da zona sul do Rio de Janeiro. Na terça-feira (17), a CBF, informou que o estado de saúde do ex-jogador era “bom”…. mas hoje, sexta-feira já não é mais tão bom assim."
