canon,n,splits,rotulos,urls
ndmais.com.br/agronegocios/agro-saude-e-cooperacao-ep,3,test+train,[0],https://ndmais.com.br/agronegocios/agro-saude-e-cooperacao-ep-2/ | https://ndmais.com.br/agronegocios/agro-saude-e-cooperacao-ep-13/ | https://ndmais.com.br/agronegocios/agro-saude-e-cooperacao-ep-12/
ndmais.com.br/agronegocios/no-ar-agro-saude-e-cooperacao-ep,3,train,[0],https://ndmais.com.br/agronegocios/no-ar-agro-saude-e-cooperacao-ep-15/ | https://ndmais.com.br/agronegocios/no-ar-agro-saude-e-cooperacao-ep-16/ | https://ndmais.com.br/agronegocios/no-ar-agro-saude-e-cooperacao-ep-21/
ndmais.com.br/bem-estar/to-em-bc-com-a-ndtv,4,train,[0],https://ndmais.com.br/bem-estar/to-em-bc-com-a-ndtv-37/ | https://ndmais.com.br/bem-estar/to-em-bc-com-a-ndtv-28/ | https://ndmais.com.br/bem-estar/to-em-bc-com-a-ndtv-36/ | https://ndmais.com.br/bem-estar/to-em-bc-com-a-ndtv-33/
ndmais.com.br/diversao/agosto-dourado-mes-de-incentivo-ao-aleitamento-materno-parte,2,train,[0],https://ndmais.com.br/diversao/agosto-dourado-mes-de-incentivo-ao-aleitamento-materno-parte-2/ | https://ndmais.com.br/diversao/agosto-dourado-mes-de-incentivo-ao-aleitamento-materno-parte-1/
ndmais.com.br/diversao/chocolate-mitos-verdades-e-beneficios-parte,2,test,[0],https://ndmais.com.br/diversao/chocolate-mitos-verdades-e-beneficios-parte-1/ | https://ndmais.com.br/diversao/chocolate-mitos-verdades-e-beneficios-parte-2/
ndmais.com.br/diversao/dia-do-homem-a-importancia-do-autocuidado-parte,2,train,[0],https://ndmais.com.br/diversao/dia-do-homem-a-importancia-do-autocuidado-parte-1/ | https://ndmais.com.br/diversao/dia-do-homem-a-importancia-do-autocuidado-parte-2/
ndmais.com.br/economia/cooperativismo-no-bg-acentra-promove-o-desenvolvimento-economico-e-social-dos-cooperados,2,test+train,[0],https://ndmais.com.br/economia/cooperativismo-no-bg-acentra-promove-o-desenvolvimento-economico-e-social-dos-cooperados-2/ | https://ndmais.com.br/economia/cooperativismo-no-bg-acentra-promove-o-desenvolvimento-economico-e-social-dos-cooperados/
ndmais.com.br/educacao/discussao-sobre-a-nova-politica-nacional-de-educacao-especial-parte,2,dev,[0],https://ndmais.com.br/educacao/discussao-sobre-a-nova-politica-nacional-de-educacao-especial-parte-1/ | https://ndmais.com.br/educacao/discussao-sobre-a-nova-politica-nacional-de-educacao-especial-parte-2/
ndmais.com.br/empregos-e-concursos/chapeco-tem-mais-de-mil-vagas-de-emprego-veja-oportunidades,2,test+train,[0],https://ndmais.com.br/empregos-e-concursos/chapeco-tem-mais-de-mil-vagas-de-emprego-veja-oportunidades-2/ | https://ndmais.com.br/empregos-e-concursos/chapeco-tem-mais-de-mil-vagas-de-emprego-veja-oportunidades/
ndmais.com.br/futebol/cronica-lembrancas-do-futebol-raiz-parte,2,test+train,[0],https://ndmais.com.br/futebol/cronica-lembrancas-do-futebol-raiz-parte-1/ | https://ndmais.com.br/futebol/cronica-lembrancas-do-futebol-raiz-parte-2/
ndmais.com.br/infraestrutura/conclusao-das-obras-do-contorno-viario-da-grande-florianopolis-ganha-novo-prazo,2,test+train,[0],https://ndmais.com.br/infraestrutura/conclusao-das-obras-do-contorno-viario-da-grande-florianopolis-ganha-novo-prazo/ | https://ndmais.com.br/infraestrutura/conclusao-das-obras-do-contorno-viario-da-grande-florianopolis-ganha-novo-prazo-2/
ndmais.com.br/politica/a-farsa-da-democracia-brasileira-longe-de-ser-uma-poliarquia,2,dev+train,[0],https://ndmais.com.br/politica/a-farsa-da-democracia-brasileira-longe-de-ser-uma-poliarquia/ | https://ndmais.com.br/politica/a-farsa-da-democracia-brasileira-longe-de-ser-uma-poliarquia-2/
ndmais.com.br/politica/deputado-marcos-vieira-internado-no-hospital-baia-sul,2,dev+train,[0],https://ndmais.com.br/politica/deputado-marcos-vieira-internado-no-hospital-baia-sul-2/ | https://ndmais.com.br/politica/deputado-marcos-vieira-internado-no-hospital-baia-sul/
ndmais.com.br/saude/dezembro-laranja-alerta-para-prevencao-ao-cancer-de-pele-parte,2,dev+train,[0],https://ndmais.com.br/saude/dezembro-laranja-alerta-para-prevencao-ao-cancer-de-pele-parte-2/ | https://ndmais.com.br/saude/dezembro-laranja-alerta-para-prevencao-ao-cancer-de-pele-parte-1/
ndmais.com.br/saude/dia-mundial-do-avc-exercicio-para-reducao-do-risco-parte,2,dev+train,[0],https://ndmais.com.br/saude/dia-mundial-do-avc-exercicio-para-reducao-do-risco-parte-1/ | https://ndmais.com.br/saude/dia-mundial-do-avc-exercicio-para-reducao-do-risco-parte-2/
ndmais.com.br/saude/doutores-risonhos-dedicacao-a-arte-da-palhacaria-parte,2,train,[0],https://ndmais.com.br/saude/doutores-risonhos-dedicacao-a-arte-da-palhacaria-parte-2/ | https://ndmais.com.br/saude/doutores-risonhos-dedicacao-a-arte-da-palhacaria-parte-1/
ndmais.com.br/seguranca/catarinenses-sao-presos-com-barco-meia-tonelada-de-drogas-na-europa,2,dev+train,[0],https://ndmais.com.br/seguranca/catarinenses-sao-presos-com-barco-meia-tonelada-de-drogas-na-europa/ | https://ndmais.com.br/seguranca/catarinenses-sao-presos-com-barco-meia-tonelada-de-drogas-na-europa-2/
ndmais.com.br/seguranca/crime-organizado-florianopolis,2,train,[0],https://ndmais.com.br/seguranca/crime-organizado-florianopolis-2/ | https://ndmais.com.br/seguranca/crime-organizado-florianopolis/
ndmais.com.br/seguranca/cultura-do-estupro-nada-justifica-a-violencia-parte,2,train,[0],https://ndmais.com.br/seguranca/cultura-do-estupro-nada-justifica-a-violencia-parte-1/ | https://ndmais.com.br/seguranca/cultura-do-estupro-nada-justifica-a-violencia-parte-2/
ndmais.com.br/seguranca/giro-de-ocorrencias-da-regiao,2,train,[0],https://ndmais.com.br/seguranca/giro-de-ocorrencias-da-regiao-25/ | https://ndmais.com.br/seguranca/giro-de-ocorrencias-da-regiao-30/
nsctotal.com.br/noticias/bbb-26-quem-ganhou-o-monstro-do-anjo-jonas,2,test+train,[0],https://www.nsctotal.com.br/noticias/bbb-26-quem-ganhou-o-monstro-do-anjo-jonas | https://www.nsctotal.com.br/noticias/bbb-26-quem-ganhou-o-monstro-do-anjo-jonas-2
nsctotal.com.br/noticias/csa-x-crb-no-alagoano-2026-horario-e-onde-assistir-ao-vivo,2,dev+train,[0],https://www.nsctotal.com.br/noticias/csa-x-crb-no-alagoano-2026-horario-e-onde-assistir-ao-vivo | https://www.nsctotal.com.br/noticias/csa-x-crb-no-alagoano-2026-horario-e-onde-assistir-ao-vivo-2
nsctotal.com.br/noticias/ferroviario-x-fortaleza-no-cearense-2026-link-para-assistir-ao-vivo-e-com-imagens,2,train,[0],https://www.nsctotal.com.br/noticias/ferroviario-x-fortaleza-no-cearense-2026-link-para-assistir-ao-vivo-e-com-imagens | https://www.nsctotal.com.br/noticias/ferroviario-x-fortaleza-no-cearense-2026-link-para-assistir-ao-vivo-e-com-imagens-2
nsctotal.com.br/noticias/floresta-x-ceara-no-cearense-2026-link-para-assistir-ao-vivo-e-com-imagens,2,test+train,[0],https://www.nsctotal.com.br/noticias/floresta-x-ceara-no-cearense-2026-link-para-assistir-ao-vivo-e-com-imagens | https://www.nsctotal.com.br/noticias/floresta-x-ceara-no-cearense-2026-link-para-assistir-ao-vivo-e-com-imagens-2
nsctotal.com.br/noticias/gremio-x-juventude-no-gauchao-2026-horario-e-onde-assistir-ao-vivo,2,dev+train,[0],https://www.nsctotal.com.br/noticias/gremio-x-juventude-no-gauchao-2026-horario-e-onde-assistir-ao-vivo-2 | https://www.nsctotal.com.br/noticias/gremio-x-juventude-no-gauchao-2026-horario-e-onde-assistir-ao-vivo
nsctotal.com.br/noticias/joinville-x-carlos-renaux-ao-vivo-onde-assistir-com-imagens,2,test+train,[0],https://www.nsctotal.com.br/noticias/joinville-x-carlos-renaux-ao-vivo-onde-assistir-com-imagens | https://www.nsctotal.com.br/noticias/joinville-x-carlos-renaux-ao-vivo-onde-assistir-com-imagens-2
nsctotal.com.br/noticias/santa-catarina-x-avai-ao-vivo-onde-assistir-com-imagens,2,test,[0],https://www.nsctotal.com.br/noticias/santa-catarina-x-avai-ao-vivo-onde-assistir-com-imagens-2 | https://www.nsctotal.com.br/noticias/santa-catarina-x-avai-ao-vivo-onde-assistir-com-imagens
nsctotal.com.br/noticias/ypiranga-x-internacional-no-gauchao-2026-horario-e-onde-assistir-ao-vivo,2,train,[0],https://www.nsctotal.com.br/noticias/ypiranga-x-internacional-no-gauchao-2026-horario-e-onde-assistir-ao-vivo-2 | https://www.nsctotal.com.br/noticias/ypiranga-x-internacional-no-gauchao-2026-horario-e-onde-assistir-ao-vivo
pc.sc.gov.br,2,test,[1],https://pc.sc.gov.br/?p=18630 | https://pc.sc.gov.br/?p=5310
